Title,Brand,Reviews,Rating,Selling Price,Image URL,Product URL
Meera Adorable Cat Frog Plush - The for Meow-Mazing Cuddles,N/A,M.R.P:,N/A,"3,499",https://m.media-amazon.com/images/I/51+bfXg505L._AC_UL320_.jpg,https://www.amazon.in/sspa/click?ie=UTF8&spc=MToyMzIyMTMxMzMwODk4MTAzOjE3NDM0NDYyNTE6c3BfYXRmX25leHQ6MzAwMTUzODQyNDc5NjMyOjowOjo&url=%2FMeera-Adorable-Cat-Frog-Plush%2Fdp%2FB0CY8N5KZY%2Fref%3Dsr_1_49_sspa%3Fdib%3DeyJ2IjoiMSJ9.DcyCslOrm0A-hiuC6aNILhD5VmsAwOrt_iKGihrtGpzdsk1mghEyiVpBPACQV2Wpm7NeWt2_n3WAcsMj9SFhL3R5BO7uKdcbpER_mewqVsgC4LUFRcmHwsPmlJiO03y_PjrXur3aiwHM_hxjNvDbsayBb0xHbDorslj2jr279vT23ryau_OYs7rUPsMPEXaQsZZ9gSh_MwhRav-WhDJctKGagCr_0-eqiDF8c-3GsRHzrIbw6AwGZLfU7jzEmmx5ewbcy30PUrD0eCtSwAlEzHjUAbcVLcTcHI_YTNgInuE.g5AkuKAiGhuu9hiMwVeO4gpHuHjI_nLqcNS_QUEw0UY%26dib_tag%3Dse%26keywords%3Dsoft%2Btoys%26qid%3D1743446251%26sr%3D8-49-spons%26xpid%3D3mOoManMEonXG%26sp_csd%3Dd2lkZ2V0TmFtZT1zcF9hdGZfbmV4dA%26psc%3D1
Meera Pink Astronaut Soft Plush Toy Blast Off into Birthday Fun with Cuddly Adventures The for Dreamers and Space Explorers,N/A,2,5.0,999,https://m.media-amazon.com/images/I/51p9rXrHtML._AC_UL320_.jpg,https://www.amazon.in/sspa/click?ie=UTF8&spc=MToyMzIyMTMxMzMwODk4MTAzOjE3NDM0NDYyNTE6c3BfYXRmX25leHQ6MzAwMTUzODE2ODkwNDMyOjowOjo&url=%2FAstronaut-Birthday-Adventures-Dreamers-Explorers%2Fdp%2FB0CYPVRSHQ%2Fref%3Dsr_1_50_sspa%3Fdib%3DeyJ2IjoiMSJ9.DcyCslOrm0A-hiuC6aNILhD5VmsAwOrt_iKGihrtGpzdsk1mghEyiVpBPACQV2Wpm7NeWt2_n3WAcsMj9SFhL3R5BO7uKdcbpER_mewqVsgC4LUFRcmHwsPmlJiO03y_PjrXur3aiwHM_hxjNvDbsayBb0xHbDorslj2jr279vT23ryau_OYs7rUPsMPEXaQsZZ9gSh_MwhRav-WhDJctKGagCr_0-eqiDF8c-3GsRHzrIbw6AwGZLfU7jzEmmx5ewbcy30PUrD0eCtSwAlEzHjUAbcVLcTcHI_YTNgInuE.g5AkuKAiGhuu9hiMwVeO4gpHuHjI_nLqcNS_QUEw0UY%26dib_tag%3Dse%26keywords%3Dsoft%2Btoys%26qid%3D1743446251%26sr%3D8-50-spons%26xpid%3D3mOoManMEonXG%26sp_csd%3Dd2lkZ2V0TmFtZT1zcF9hdGZfbmV4dA%26psc%3D1
"Krow Baby Plushies - 50 cm Blue Lovable Huggable Soft Toy, Big Size Plush Teddy Bear, Elegant Soft Plush Toy for Babies, Great Birthday Gift for Girls",N/A,5,5.0,"1,198",https://m.media-amazon.com/images/I/61tmTIwEdnL._AC_UL320_.jpg,https://www.amazon.in/sspa/click?ie=UTF8&spc=MToyMzIyMTMxMzMwODk4MTAzOjE3NDM0NDYyNTE6c3BfYXRmX25leHQ6MzAwNDQyOTQxMTI3MTMyOjowOjo&url=%2FKrow-Baby-Plushies-Huggable-Birthday%2Fdp%2FB0DPQN5R9N%2Fref%3Dsr_1_51_sspa%3Fdib%3DeyJ2IjoiMSJ9.DcyCslOrm0A-hiuC6aNILhD5VmsAwOrt_iKGihrtGpzdsk1mghEyiVpBPACQV2Wpm7NeWt2_n3WAcsMj9SFhL3R5BO7uKdcbpER_mewqVsgC4LUFRcmHwsPmlJiO03y_PjrXur3aiwHM_hxjNvDbsayBb0xHbDorslj2jr279vT23ryau_OYs7rUPsMPEXaQsZZ9gSh_MwhRav-WhDJctKGagCr_0-eqiDF8c-3GsRHzrIbw6AwGZLfU7jzEmmx5ewbcy30PUrD0eCtSwAlEzHjUAbcVLcTcHI_YTNgInuE.g5AkuKAiGhuu9hiMwVeO4gpHuHjI_nLqcNS_QUEw0UY%26dib_tag%3Dse%26keywords%3Dsoft%2Btoys%26qid%3D1743446251%26sr%3D8-51-spons%26xpid%3D3mOoManMEonXG%26sp_csd%3Dd2lkZ2V0TmFtZT1zcF9hdGZfbmV4dA%26psc%3D1
Meera Cute Bear Plush Soft Toy Stuffed Animal Bear Soft Anime Plush Pillow for Kids,N/A,1,1.0,"1,499",https://m.media-amazon.com/images/I/61lHZ-6iqGL._AC_UL320_.jpg,https://www.amazon.in/sspa/click?ie=UTF8&spc=MToyMzIyMTMxMzMwODk4MTAzOjE3NDM0NDYyNTE6c3BfYXRmX25leHQ6MzAwMTUzODg1MDQ5MTMyOjowOjo&url=%2FMeera-Plush-Stuffed-Animal-Pillow%2Fdp%2FB0CYBW3B5Y%2Fref%3Dsr_1_52_sspa%3Fdib%3DeyJ2IjoiMSJ9.DcyCslOrm0A-hiuC6aNILhD5VmsAwOrt_iKGihrtGpzdsk1mghEyiVpBPACQV2Wpm7NeWt2_n3WAcsMj9SFhL3R5BO7uKdcbpER_mewqVsgC4LUFRcmHwsPmlJiO03y_PjrXur3aiwHM_hxjNvDbsayBb0xHbDorslj2jr279vT23ryau_OYs7rUPsMPEXaQsZZ9gSh_MwhRav-WhDJctKGagCr_0-eqiDF8c-3GsRHzrIbw6AwGZLfU7jzEmmx5ewbcy30PUrD0eCtSwAlEzHjUAbcVLcTcHI_YTNgInuE.g5AkuKAiGhuu9hiMwVeO4gpHuHjI_nLqcNS_QUEw0UY%26dib_tag%3Dse%26keywords%3Dsoft%2Btoys%26qid%3D1743446251%26sr%3D8-52-spons%26xpid%3D3mOoManMEonXG%26sp_csd%3Dd2lkZ2V0TmFtZT1zcF9hdGZfbmV4dA%26psc%3D1
YIQELU Breathing Teddy Otter Glowing Music for Baby Sensory Sleep Lights Rhythmic Soft Toy Simulation Plush for Babies Kids Soothing Sound (Random Color),N/A,7,5.0,898,https://m.media-amazon.com/images/I/61ltepxRmJL._AC_UL320_.jpg,https://www.amazon.in/sspa/click?ie=UTF8&spc=MToyMzIyMTMxMzMwODk4MTAzOjE3NDM0NDYyNTE6c3BfbXRmOjMwMDQxNTc3Mzc0NDIzMjo6MDo6&url=%2FYIQELU-Breathing-Rhythmic-Simulation-Soothing%2Fdp%2FB0DNFTTMZH%2Fref%3Dsr_1_69_sspa%3Fdib%3DeyJ2IjoiMSJ9.DcyCslOrm0A-hiuC6aNILhD5VmsAwOrt_iKGihrtGpzdsk1mghEyiVpBPACQV2Wpm7NeWt2_n3WAcsMj9SFhL3R5BO7uKdcbpER_mewqVsgC4LUFRcmHwsPmlJiO03y_PjrXur3aiwHM_hxjNvDbsayBb0xHbDorslj2jr279vT23ryau_OYs7rUPsMPEXaQsZZ9gSh_MwhRav-WhDJctKGagCr_0-eqiDF8c-3GsRHzrIbw6AwGZLfU7jzEmmx5ewbcy30PUrD0eCtSwAlEzHjUAbcVLcTcHI_YTNgInuE.g5AkuKAiGhuu9hiMwVeO4gpHuHjI_nLqcNS_QUEw0UY%26dib_tag%3Dse%26keywords%3Dsoft%2Btoys%26qid%3D1743446251%26sr%3D8-69-spons%26xpid%3D3mOoManMEonXG%26sp_csd%3Dd2lkZ2V0TmFtZT1zcF9tdGY%26psc%3D1
TechMax Solution The Perfect Grey Long Dog Plush Pillow for Snuggly Nights and Sweet Dreams an for Anyone in Need of Cuddly Comfort,N/A,5,4.7,998,https://m.media-amazon.com/images/I/410D7Ai+SFL._AC_UL320_.jpg,https://www.amazon.in/sspa/click?ie=UTF8&spc=MToyMzIyMTMxMzMwODk4MTAzOjE3NDM0NDYyNTE6c3BfbXRmOjMwMDE2NzI0NjI5MjYzMjo6MDo6&url=%2FTechMax-Solution-Perfect-Snuggly-Comfort%2Fdp%2FB0D2NKDNYZ%2Fref%3Dsr_1_70_sspa%3Fdib%3DeyJ2IjoiMSJ9.DcyCslOrm0A-hiuC6aNILhD5VmsAwOrt_iKGihrtGpzdsk1mghEyiVpBPACQV2Wpm7NeWt2_n3WAcsMj9SFhL3R5BO7uKdcbpER_mewqVsgC4LUFRcmHwsPmlJiO03y_PjrXur3aiwHM_hxjNvDbsayBb0xHbDorslj2jr279vT23ryau_OYs7rUPsMPEXaQsZZ9gSh_MwhRav-WhDJctKGagCr_0-eqiDF8c-3GsRHzrIbw6AwGZLfU7jzEmmx5ewbcy30PUrD0eCtSwAlEzHjUAbcVLcTcHI_YTNgInuE.g5AkuKAiGhuu9hiMwVeO4gpHuHjI_nLqcNS_QUEw0UY%26dib_tag%3Dse%26keywords%3Dsoft%2Btoys%26qid%3D1743446251%26sr%3D8-70-spons%26xpid%3D3mOoManMEonXG%26sp_csd%3Dd2lkZ2V0TmFtZT1zcF9tdGY%26psc%3D1
Webby Plush Adorable Cute Duck Soft Toy for Kids and Adults - 40 CM,N/A,91,3.3,379,https://m.media-amazon.com/images/I/61SpPfKn6PL._AC_UL320_.jpg,https://www.amazon.in/sspa/click?ie=UTF8&spc=MToyMzIyMTMxMzMwODk4MTAzOjE3NDM0NDYyNTE6c3BfbXRmOjMwMDUxMzMwODcyMjAzMjo6MDo6&url=%2FWebby-Plush-Adorable-Cute-Adults%2Fdp%2FB0CG6C2JDQ%2Fref%3Dsr_1_71_sspa%3Fdib%3DeyJ2IjoiMSJ9.DcyCslOrm0A-hiuC6aNILhD5VmsAwOrt_iKGihrtGpzdsk1mghEyiVpBPACQV2Wpm7NeWt2_n3WAcsMj9SFhL3R5BO7uKdcbpER_mewqVsgC4LUFRcmHwsPmlJiO03y_PjrXur3aiwHM_hxjNvDbsayBb0xHbDorslj2jr279vT23ryau_OYs7rUPsMPEXaQsZZ9gSh_MwhRav-WhDJctKGagCr_0-eqiDF8c-3GsRHzrIbw6AwGZLfU7jzEmmx5ewbcy30PUrD0eCtSwAlEzHjUAbcVLcTcHI_YTNgInuE.g5AkuKAiGhuu9hiMwVeO4gpHuHjI_nLqcNS_QUEw0UY%26dib_tag%3Dse%26keywords%3Dsoft%2Btoys%26qid%3D1743446251%26sr%3D8-71-spons%26xpid%3D3mOoManMEonXG%26sp_csd%3Dd2lkZ2V0TmFtZT1zcF9tdGY%26psc%3D1
Storescent Soft Toys for Kids - Stuffed Animal Plush Soft Toy for Boys & Girls | Plushie Toy Half Hooded Strawberry Bear 40cm,N/A,"1,482",4.1,599,https://m.media-amazon.com/images/I/71wKkkeKfpL._AC_UL320_.jpg,https://www.amazon.in/sspa/click?ie=UTF8&spc=MToyMzIyMTMxMzMwODk4MTAzOjE3NDM0NDYyNTE6c3BfbXRmOjMwMDQ4NzY5NTY4MjYzMjo6MDo6&url=%2FStorescent-Soft-Toys-Kids-Strawberry%2Fdp%2FB0DCZGCWTH%2Fref%3Dsr_1_72_sspa%3Fdib%3DeyJ2IjoiMSJ9.DcyCslOrm0A-hiuC6aNILhD5VmsAwOrt_iKGihrtGpzdsk1mghEyiVpBPACQV2Wpm7NeWt2_n3WAcsMj9SFhL3R5BO7uKdcbpER_mewqVsgC4LUFRcmHwsPmlJiO03y_PjrXur3aiwHM_hxjNvDbsayBb0xHbDorslj2jr279vT23ryau_OYs7rUPsMPEXaQsZZ9gSh_MwhRav-WhDJctKGagCr_0-eqiDF8c-3GsRHzrIbw6AwGZLfU7jzEmmx5ewbcy30PUrD0eCtSwAlEzHjUAbcVLcTcHI_YTNgInuE.g5AkuKAiGhuu9hiMwVeO4gpHuHjI_nLqcNS_QUEw0UY%26dib_tag%3Dse%26keywords%3Dsoft%2Btoys%26qid%3D1743446251%26sr%3D8-72-spons%26xpid%3D3mOoManMEonXG%26sp_csd%3Dd2lkZ2V0TmFtZT1zcF9tdGY%26psc%3D1
"Noircoir Plush Turtle Stuffed Animal, Green and Yellow, Soft Toy",N/A,M.R.P:,N/A,249,https://m.media-amazon.com/images/I/41wc6Fp1NCL._AC_UL320_.jpg,https://www.amazon.in/sspa/click?ie=UTF8&spc=MToyMzIyMTMxMzMwODk4MTAzOjE3NDM0NDYyNTE6c3BfYnRmOjMwMDQ5MTk4OTk4NDAzMjo6MDo6&url=%2FNoircoir-Turtle-Stuffed-Animal-Yellow%2Fdp%2FB0DVCC91KB%2Fref%3Dsr_1_105_sspa%3Fdib%3DeyJ2IjoiMSJ9.DcyCslOrm0A-hiuC6aNILhD5VmsAwOrt_iKGihrtGpzdsk1mghEyiVpBPACQV2Wpm7NeWt2_n3WAcsMj9SFhL3R5BO7uKdcbpER_mewqVsgC4LUFRcmHwsPmlJiO03y_PjrXur3aiwHM_hxjNvDbsayBb0xHbDorslj2jr279vT23ryau_OYs7rUPsMPEXaQsZZ9gSh_MwhRav-WhDJctKGagCr_0-eqiDF8c-3GsRHzrIbw6AwGZLfU7jzEmmx5ewbcy30PUrD0eCtSwAlEzHjUAbcVLcTcHI_YTNgInuE.g5AkuKAiGhuu9hiMwVeO4gpHuHjI_nLqcNS_QUEw0UY%26dib_tag%3Dse%26keywords%3Dsoft%2Btoys%26qid%3D1743446251%26sr%3D8-105-spons%26xpid%3D3mOoManMEonXG%26sp_csd%3Dd2lkZ2V0TmFtZT1zcF9idGY%26psc%3D1
Purple Beats Bubu Dudu Soft Toys | Bubu Dudu Plush | Bubu Dudu Teddy | Bubu Dudu Products (Big 35 CM)(Bag not Included),N/A,27,3.8,899,https://m.media-amazon.com/images/I/51y-urOKNfL._AC_UL320_.jpg,https://www.amazon.in/sspa/click?ie=UTF8&spc=MToyMzIyMTMxMzMwODk4MTAzOjE3NDM0NDYyNTE6c3BfYnRmOjMwMDQ2ODExMjYwNTAzMjo6MDo6&url=%2FPurple-Beats-Plush-Products-Included%2Fdp%2FB0DTV1YMCR%2Fref%3Dsr_1_106_sspa%3Fdib%3DeyJ2IjoiMSJ9.DcyCslOrm0A-hiuC6aNILhD5VmsAwOrt_iKGihrtGpzdsk1mghEyiVpBPACQV2Wpm7NeWt2_n3WAcsMj9SFhL3R5BO7uKdcbpER_mewqVsgC4LUFRcmHwsPmlJiO03y_PjrXur3aiwHM_hxjNvDbsayBb0xHbDorslj2jr279vT23ryau_OYs7rUPsMPEXaQsZZ9gSh_MwhRav-WhDJctKGagCr_0-eqiDF8c-3GsRHzrIbw6AwGZLfU7jzEmmx5ewbcy30PUrD0eCtSwAlEzHjUAbcVLcTcHI_YTNgInuE.g5AkuKAiGhuu9hiMwVeO4gpHuHjI_nLqcNS_QUEw0UY%26dib_tag%3Dse%26keywords%3Dsoft%2Btoys%26qid%3D1743446251%26sr%3D8-106-spons%26xpid%3D3mOoManMEonXG%26sp_csd%3Dd2lkZ2V0TmFtZT1zcF9idGY%26psc%3D1
LOVEY DOVEY Soft Toys Long Soft Lovable Huggable Cute Giant Life Size Teddy Bear easly Washable 100% Child Safe Best Gift for Birthday Gift Valentine Gift for Girlfriend 6 FEET Pink,N/A,909,3.8,"2,199",https://m.media-amazon.com/images/I/619s8Q+jcNL._AC_UL320_.jpg,https://www.amazon.in/sspa/click?ie=UTF8&spc=MToyMzIyMTMxMzMwODk4MTAzOjE3NDM0NDYyNTE6c3BfYnRmOjMwMDQ3ODQ0MDgzMTgzMjo6MDo6&url=%2FLOVEY-DOVEY-Huggable-Valentine-Girlfriend%2Fdp%2FB09MWG25DW%2Fref%3Dsr_1_107_sspa%3Fdib%3DeyJ2IjoiMSJ9.DcyCslOrm0A-hiuC6aNILhD5VmsAwOrt_iKGihrtGpzdsk1mghEyiVpBPACQV2Wpm7NeWt2_n3WAcsMj9SFhL3R5BO7uKdcbpER_mewqVsgC4LUFRcmHwsPmlJiO03y_PjrXur3aiwHM_hxjNvDbsayBb0xHbDorslj2jr279vT23ryau_OYs7rUPsMPEXaQsZZ9gSh_MwhRav-WhDJctKGagCr_0-eqiDF8c-3GsRHzrIbw6AwGZLfU7jzEmmx5ewbcy30PUrD0eCtSwAlEzHjUAbcVLcTcHI_YTNgInuE.g5AkuKAiGhuu9hiMwVeO4gpHuHjI_nLqcNS_QUEw0UY%26dib_tag%3Dse%26keywords%3Dsoft%2Btoys%26qid%3D1743446251%26sr%3D8-107-spons%26xpid%3D3mOoManMEonXG%26sp_csd%3Dd2lkZ2V0TmFtZT1zcF9idGY%26psc%3D1%26smid%3DA19B00HGTEVUGE
"LOVEY DOVEY Giant 6 Feet Teddy Bear – Soft, Huggable, Plush Life-Size Stuffed Toy – Machine Washable, 100% Child-Safe – Best Gift for Birthdays, Valentine’s Day & Special Occasions – Pink",N/A,3,3.5,"2,199",https://m.media-amazon.com/images/I/61bIkFkmhDL._AC_UL320_.jpg,https://www.amazon.in/sspa/click?ie=UTF8&spc=MToyMzIyMTMxMzMwODk4MTAzOjE3NDM0NDYyNTE6c3BfYnRmOjMwMDQ3ODQ0MDgzMjAzMjo6MDo6&url=%2FLOVEY-DOVEY-Softness-Valentine-Girlfriend%2Fdp%2FB0BBRV3JWF%2Fref%3Dsr_1_108_sspa%3Fdib%3DeyJ2IjoiMSJ9.DcyCslOrm0A-hiuC6aNILhD5VmsAwOrt_iKGihrtGpzdsk1mghEyiVpBPACQV2Wpm7NeWt2_n3WAcsMj9SFhL3R5BO7uKdcbpER_mewqVsgC4LUFRcmHwsPmlJiO03y_PjrXur3aiwHM_hxjNvDbsayBb0xHbDorslj2jr279vT23ryau_OYs7rUPsMPEXaQsZZ9gSh_MwhRav-WhDJctKGagCr_0-eqiDF8c-3GsRHzrIbw6AwGZLfU7jzEmmx5ewbcy30PUrD0eCtSwAlEzHjUAbcVLcTcHI_YTNgInuE.g5AkuKAiGhuu9hiMwVeO4gpHuHjI_nLqcNS_QUEw0UY%26dib_tag%3Dse%26keywords%3Dsoft%2Btoys%26qid%3D1743446251%26sr%3D8-108-spons%26xpid%3D3mOoManMEonXG%26sp_csd%3Dd2lkZ2V0TmFtZT1zcF9idGY%26psc%3D1
Meera Snuggle Shark The Adorable Piggy Plush Perfect Birthday Surprise,N/A,M.R.P:,N/A,"1,499",https://m.media-amazon.com/images/I/51uJprH8dGL._AC_UL320_.jpg,https://www.amazon.in/sspa/click?ie=UTF8&spc=MTo5NTk0OTI5NDM3MzgzMzY6MTc0MzQ0NjI2MDpzcF9hdGZfbmV4dDozMDAxNTM4NDI0Nzc1MzI6OjA6Og&url=%2FSnuggle-Adorable-Perfect-Birthday-Surprise%2Fdp%2FB0CY8QDWXH%2Fref%3Dsr_1_97_sspa%3Fdib%3DeyJ2IjoiMSJ9.-apVCmYrniCDqXzNUGwoL7VqN-kyLB07LuBJuNquHOqBl9ZcVwHMUghRf0i-5GvzogYMRVD9OaL2t7WoGqdU-VV5VZ4cothXP4An4ICu0zaRlAAxeHu2UN7PU2kll3ZtFy0VysI0mUANcUEVfckkgtxix5LD9eJGGRrSM_79DZrqnoNA2xRty63N9mZ0hXowl2LBjP_JbgTJNdx1LtAsld3Kn1ChAscQvpWMVYmPYS6yrQmPNxYR-GwVRc4HXYSxHyZg2Iu41PeFcjDeKE0uTdHZ-JLSa2ZoPeArc6Gpp-A.CAHxi7F3hJCfbXB9_wzTWGzYhuknkTHTZG1Cr0f1zUY%26dib_tag%3Dse%26keywords%3Dsoft%2Btoys%26qid%3D1743446260%26sr%3D8-97-spons%26xpid%3D3mOoManMEonXG%26sp_csd%3Dd2lkZ2V0TmFtZT1zcF9hdGZfbmV4dA%26psc%3D1
ADDY TOYS Siberian Jungle Tiger Soft Stuffed Animal Plush Toy for Kids - 40 cm Yellow & Black - Cuddly Plush Toy for Toddlers/Adults/Gen-Z Realistic Details - Polyester Material,N/A,11,3.8,789,https://m.media-amazon.com/images/I/41EOFFvR+GL._AC_UL320_.jpg,https://www.amazon.in/sspa/click?ie=UTF8&spc=MTo5NTk0OTI5NDM3MzgzMzY6MTc0MzQ0NjI2MDpzcF9hdGZfbmV4dDozMDA0NDYyNjIzOTY2MzI6OjA6Og&url=%2FADDY-TOYS-Siberian-Jungle-Stuffed%2Fdp%2FB0DQH5RGTM%2Fref%3Dsr_1_98_sspa%3Fdib%3DeyJ2IjoiMSJ9.-apVCmYrniCDqXzNUGwoL7VqN-kyLB07LuBJuNquHOqBl9ZcVwHMUghRf0i-5GvzogYMRVD9OaL2t7WoGqdU-VV5VZ4cothXP4An4ICu0zaRlAAxeHu2UN7PU2kll3ZtFy0VysI0mUANcUEVfckkgtxix5LD9eJGGRrSM_79DZrqnoNA2xRty63N9mZ0hXowl2LBjP_JbgTJNdx1LtAsld3Kn1ChAscQvpWMVYmPYS6yrQmPNxYR-GwVRc4HXYSxHyZg2Iu41PeFcjDeKE0uTdHZ-JLSa2ZoPeArc6Gpp-A.CAHxi7F3hJCfbXB9_wzTWGzYhuknkTHTZG1Cr0f1zUY%26dib_tag%3Dse%26keywords%3Dsoft%2Btoys%26qid%3D1743446260%26sr%3D8-98-spons%26xpid%3D3mOoManMEonXG%26sp_csd%3Dd2lkZ2V0TmFtZT1zcF9hdGZfbmV4dA%26psc%3D1
LOVEY DOVEY Super Soft Toys Long Soft Lovable Huggable Cute Giant Life Size Teddy Bear easly Washable 100% Child Safe Best Gift for Birthday Gift Valentine Gift for Girlfriend 6 FEET Pink,N/A,495,3.5,"2,199",https://m.media-amazon.com/images/I/619s8Q+jcNL._AC_UL320_.jpg,https://www.amazon.in/sspa/click?ie=UTF8&spc=MTo5NTk0OTI5NDM3MzgzMzY6MTc0MzQ0NjI2MDpzcF9hdGZfbmV4dDozMDA0Nzg0NDA4MzMwMzI6OjA6Og&url=%2FLOVEY-DOVEY-Huggable-Valentine-Girlfriend%2Fdp%2FB09NC2ZHFF%2Fref%3Dsr_1_99_sspa%3Fdib%3DeyJ2IjoiMSJ9.-apVCmYrniCDqXzNUGwoL7VqN-kyLB07LuBJuNquHOqBl9ZcVwHMUghRf0i-5GvzogYMRVD9OaL2t7WoGqdU-VV5VZ4cothXP4An4ICu0zaRlAAxeHu2UN7PU2kll3ZtFy0VysI0mUANcUEVfckkgtxix5LD9eJGGRrSM_79DZrqnoNA2xRty63N9mZ0hXowl2LBjP_JbgTJNdx1LtAsld3Kn1ChAscQvpWMVYmPYS6yrQmPNxYR-GwVRc4HXYSxHyZg2Iu41PeFcjDeKE0uTdHZ-JLSa2ZoPeArc6Gpp-A.CAHxi7F3hJCfbXB9_wzTWGzYhuknkTHTZG1Cr0f1zUY%26dib_tag%3Dse%26keywords%3Dsoft%2Btoys%26qid%3D1743446260%26sr%3D8-99-spons%26xpid%3D3mOoManMEonXG%26sp_csd%3Dd2lkZ2V0TmFtZT1zcF9hdGZfbmV4dA%26psc%3D1
"Storescent Baby Plushies, Blue Lovable Huggable Soft Toy, Hooded Plush Teddy Bear, Elegant Soft Plush Toy for Babies, Great Birthday Gift for Girls - 35cm",N/A,"1,482",4.1,498.,https://m.media-amazon.com/images/I/612-NnCMoQL._AC_UL320_.jpg,https://www.amazon.in/sspa/click?ie=UTF8&spc=MTo5NTk0OTI5NDM3MzgzMzY6MTc0MzQ0NjI2MDpzcF9hdGZfbmV4dDozMDA0NzE3MTE4ODAxMzI6OjA6Og&url=%2FStorescent-Plushies-Lovable-Huggable-Birthday%2Fdp%2FB0DRJ1YXSX%2Fref%3Dsr_1_100_sspa%3Fdib%3DeyJ2IjoiMSJ9.-apVCmYrniCDqXzNUGwoL7VqN-kyLB07LuBJuNquHOqBl9ZcVwHMUghRf0i-5GvzogYMRVD9OaL2t7WoGqdU-VV5VZ4cothXP4An4ICu0zaRlAAxeHu2UN7PU2kll3ZtFy0VysI0mUANcUEVfckkgtxix5LD9eJGGRrSM_79DZrqnoNA2xRty63N9mZ0hXowl2LBjP_JbgTJNdx1LtAsld3Kn1ChAscQvpWMVYmPYS6yrQmPNxYR-GwVRc4HXYSxHyZg2Iu41PeFcjDeKE0uTdHZ-JLSa2ZoPeArc6Gpp-A.CAHxi7F3hJCfbXB9_wzTWGzYhuknkTHTZG1Cr0f1zUY%26dib_tag%3Dse%26keywords%3Dsoft%2Btoys%26qid%3D1743446260%26sr%3D8-100-spons%26xpid%3D3mOoManMEonXG%26sp_csd%3Dd2lkZ2V0TmFtZT1zcF9hdGZfbmV4dA%26psc%3D1
"Panda's Box Mantra Chanting Baby Krishna, Hanuman, Ganesha & Devi Lakshmi (Pack of 4) | Musical Soft Plush Toys | Best Gifts for Infants, Toddlers & Babies",N/A,396,4.4,"4,115",https://m.media-amazon.com/images/I/61DGRJUewgL._AC_UL320_.jpg,https://www.amazon.in/sspa/click?ie=UTF8&spc=MTo5NTk0OTI5NDM3MzgzMzY6MTc0MzQ0NjI2MDpzcF9tdGY6MzAwMjU0MjM4NjQxMjMyOjowOjo&url=%2FPandas-Box-Chanting-Krishna-Toddlers%2Fdp%2FB0BZDRDZDF%2Fref%3Dsr_1_117_sspa%3Fdib%3DeyJ2IjoiMSJ9.-apVCmYrniCDqXzNUGwoL7VqN-kyLB07LuBJuNquHOqBl9ZcVwHMUghRf0i-5GvzogYMRVD9OaL2t7WoGqdU-VV5VZ4cothXP4An4ICu0zaRlAAxeHu2UN7PU2kll3ZtFy0VysI0mUANcUEVfckkgtxix5LD9eJGGRrSM_79DZrqnoNA2xRty63N9mZ0hXowl2LBjP_JbgTJNdx1LtAsld3Kn1ChAscQvpWMVYmPYS6yrQmPNxYR-GwVRc4HXYSxHyZg2Iu41PeFcjDeKE0uTdHZ-JLSa2ZoPeArc6Gpp-A.CAHxi7F3hJCfbXB9_wzTWGzYhuknkTHTZG1Cr0f1zUY%26dib_tag%3Dse%26keywords%3Dsoft%2Btoys%26qid%3D1743446260%26sr%3D8-117-spons%26xpid%3D3mOoManMEonXG%26sp_csd%3Dd2lkZ2V0TmFtZT1zcF9tdGY%26psc%3D1
"Fluffybliss Reversible Cat Soft Toys for Kids, Cat Stuffed Animal Plush Soft Toys for Boys and Girls | Cat Plushie Toy (Pink CAT)",N/A,143,3.6,195,https://m.media-amazon.com/images/I/51mpXAkiC2L._AC_UL320_.jpg,https://www.amazon.in/sspa/click?ie=UTF8&spc=MTo5NTk0OTI5NDM3MzgzMzY6MTc0MzQ0NjI2MDpzcF9tdGY6MzAwMTcwMTcxNDkyNjMyOjowOjo&url=%2FFluffybliss-Reversible-Stuffed-Animal-Plushie%2Fdp%2FB0C8NWNS1F%2Fref%3Dsr_1_118_sspa%3Fdib%3DeyJ2IjoiMSJ9.-apVCmYrniCDqXzNUGwoL7VqN-kyLB07LuBJuNquHOqBl9ZcVwHMUghRf0i-5GvzogYMRVD9OaL2t7WoGqdU-VV5VZ4cothXP4An4ICu0zaRlAAxeHu2UN7PU2kll3ZtFy0VysI0mUANcUEVfckkgtxix5LD9eJGGRrSM_79DZrqnoNA2xRty63N9mZ0hXowl2LBjP_JbgTJNdx1LtAsld3Kn1ChAscQvpWMVYmPYS6yrQmPNxYR-GwVRc4HXYSxHyZg2Iu41PeFcjDeKE0uTdHZ-JLSa2ZoPeArc6Gpp-A.CAHxi7F3hJCfbXB9_wzTWGzYhuknkTHTZG1Cr0f1zUY%26dib_tag%3Dse%26keywords%3Dsoft%2Btoys%26qid%3D1743446260%26sr%3D8-118-spons%26xpid%3D3mOoManMEonXG%26sp_csd%3Dd2lkZ2V0TmFtZT1zcF9tdGY%26psc%3D1
"Bear Stuffed Animal Cute Cross Dressing Bear Plush Toy, Soft Weighted Strawberry Teddy Bear, Hugging Plush Squishy Pillow Toy Gifts for Kids(40cm)",N/A,M.R.P:,N/A,699,https://m.media-amazon.com/images/I/61LMla4I-RL._AC_UL320_.jpg,https://www.amazon.in/sspa/click?ie=UTF8&spc=MTo5NTk0OTI5NDM3MzgzMzY6MTc0MzQ0NjI2MDpzcF9tdGY6MzAwNTA5NDYzODc2NjMyOjowOjo&url=%2FStuffed-Dressing-Weighted-Strawberry-Hugging%2Fdp%2FB0DZ2BN7W7%2Fref%3Dsr_1_119_sspa%3Fdib%3DeyJ2IjoiMSJ9.-apVCmYrniCDqXzNUGwoL7VqN-kyLB07LuBJuNquHOqBl9ZcVwHMUghRf0i-5GvzogYMRVD9OaL2t7WoGqdU-VV5VZ4cothXP4An4ICu0zaRlAAxeHu2UN7PU2kll3ZtFy0VysI0mUANcUEVfckkgtxix5LD9eJGGRrSM_79DZrqnoNA2xRty63N9mZ0hXowl2LBjP_JbgTJNdx1LtAsld3Kn1ChAscQvpWMVYmPYS6yrQmPNxYR-GwVRc4HXYSxHyZg2Iu41PeFcjDeKE0uTdHZ-JLSa2ZoPeArc6Gpp-A.CAHxi7F3hJCfbXB9_wzTWGzYhuknkTHTZG1Cr0f1zUY%26dib_tag%3Dse%26keywords%3Dsoft%2Btoys%26qid%3D1743446260%26sr%3D8-119-spons%26xpid%3D3mOoManMEonXG%26sp_csd%3Dd2lkZ2V0TmFtZT1zcF9tdGY%26psc%3D1
"Thrive Toys Soft Toys for Kids Girls - Milk Tea Piggy 26cm Plushies Cute Teddy Bear | Animal Stuff Toys | Birthday Gift for Baby, Boy, Kids, Girl & Girlfriend | Ideal for Special Occasions (Green)",N/A,2,4.1,799,https://m.media-amazon.com/images/I/61Q8s43ymVL._AC_UL320_.jpg,https://www.amazon.in/sspa/click?ie=UTF8&spc=MTo5NTk0OTI5NDM3MzgzMzY6MTc0MzQ0NjI2MDpzcF9tdGY6MzAwNDQ2NDk3MTk4NzMyOjowOjo&url=%2FThrive-Toys-Soft-Kids-Girls%2Fdp%2FB0D8G1YZ36%2Fref%3Dsr_1_120_sspa%3Fdib%3DeyJ2IjoiMSJ9.-apVCmYrniCDqXzNUGwoL7VqN-kyLB07LuBJuNquHOqBl9ZcVwHMUghRf0i-5GvzogYMRVD9OaL2t7WoGqdU-VV5VZ4cothXP4An4ICu0zaRlAAxeHu2UN7PU2kll3ZtFy0VysI0mUANcUEVfckkgtxix5LD9eJGGRrSM_79DZrqnoNA2xRty63N9mZ0hXowl2LBjP_JbgTJNdx1LtAsld3Kn1ChAscQvpWMVYmPYS6yrQmPNxYR-GwVRc4HXYSxHyZg2Iu41PeFcjDeKE0uTdHZ-JLSa2ZoPeArc6Gpp-A.CAHxi7F3hJCfbXB9_wzTWGzYhuknkTHTZG1Cr0f1zUY%26dib_tag%3Dse%26keywords%3Dsoft%2Btoys%26qid%3D1743446260%26sr%3D8-120-spons%26xpid%3D3mOoManMEonXG%26sp_csd%3Dd2lkZ2V0TmFtZT1zcF9tdGY%26psc%3D1
"GOLDENHUB TOYS Polyester Golden Hub Teddy Star Fish Medium 25 Cm Cute, Plush/Soft Toy for Boys, Girls and Kids, Super-Soft, Safe, Great Birthday Gift (25 Cm_Sky)",N/A,10,3.1,101,https://m.media-amazon.com/images/I/61G71RscmIL._AC_UL320_.jpg,https://www.amazon.in/sspa/click?ie=UTF8&spc=MTo5NTk0OTI5NDM3MzgzMzY6MTc0MzQ0NjI2MDpzcF9idGY6MzAwNDg2NDAxOTQ5MDMyOjowOjo&url=%2FGOLDENHUB-TOYS-Polyester-Super-Soft-Birthday%2Fdp%2FB0CMX4M7PR%2Fref%3Dsr_1_153_sspa%3Fdib%3DeyJ2IjoiMSJ9.-apVCmYrniCDqXzNUGwoL7VqN-kyLB07LuBJuNquHOqBl9ZcVwHMUghRf0i-5GvzogYMRVD9OaL2t7WoGqdU-VV5VZ4cothXP4An4ICu0zaRlAAxeHu2UN7PU2kll3ZtFy0VysI0mUANcUEVfckkgtxix5LD9eJGGRrSM_79DZrqnoNA2xRty63N9mZ0hXowl2LBjP_JbgTJNdx1LtAsld3Kn1ChAscQvpWMVYmPYS6yrQmPNxYR-GwVRc4HXYSxHyZg2Iu41PeFcjDeKE0uTdHZ-JLSa2ZoPeArc6Gpp-A.CAHxi7F3hJCfbXB9_wzTWGzYhuknkTHTZG1Cr0f1zUY%26dib_tag%3Dse%26keywords%3Dsoft%2Btoys%26qid%3D1743446260%26sr%3D8-153-spons%26xpid%3D3mOoManMEonXG%26sp_csd%3Dd2lkZ2V0TmFtZT1zcF9idGY%26psc%3D1
"LOVEY DOVEY Super Soft Toys Long Soft Lovable hugable Cute Giant Life Size Teddy Bear (30 cm Super Soft Toys, Kangaroo with Baby)",N/A,11,4.3,399,https://m.media-amazon.com/images/I/51MceuI7nKL._AC_UL320_.jpg,https://www.amazon.in/sspa/click?ie=UTF8&spc=MTo5NTk0OTI5NDM3MzgzMzY6MTc0MzQ0NjI2MDpzcF9idGY6MzAwNTAxOTE2NTc5MDMyOjowOjo&url=%2FLOVEY-DOVEY-Lovable-hugable-Kangaroo%2Fdp%2FB09TXQL1JJ%2Fref%3Dsr_1_154_sspa%3Fdib%3DeyJ2IjoiMSJ9.-apVCmYrniCDqXzNUGwoL7VqN-kyLB07LuBJuNquHOqBl9ZcVwHMUghRf0i-5GvzogYMRVD9OaL2t7WoGqdU-VV5VZ4cothXP4An4ICu0zaRlAAxeHu2UN7PU2kll3ZtFy0VysI0mUANcUEVfckkgtxix5LD9eJGGRrSM_79DZrqnoNA2xRty63N9mZ0hXowl2LBjP_JbgTJNdx1LtAsld3Kn1ChAscQvpWMVYmPYS6yrQmPNxYR-GwVRc4HXYSxHyZg2Iu41PeFcjDeKE0uTdHZ-JLSa2ZoPeArc6Gpp-A.CAHxi7F3hJCfbXB9_wzTWGzYhuknkTHTZG1Cr0f1zUY%26dib_tag%3Dse%26keywords%3Dsoft%2Btoys%26qid%3D1743446260%26sr%3D8-154-spons%26xpid%3D3mOoManMEonXG%26sp_csd%3Dd2lkZ2V0TmFtZT1zcF9idGY%26psc%3D1
"PLUSHTOYS Angry Plush Doll 15cm- Super Soft, Cuddly Hugging Stuffed Doll for Kids and Adults from Classic Cartoons and Games | Animal Huggable Angry Bird with Glittery Eye (Black)",N/A,1,5.0,299,https://m.media-amazon.com/images/I/71mPqWwBQVL._AC_UL320_.jpg,https://www.amazon.in/sspa/click?ie=UTF8&spc=MTo5NTk0OTI5NDM3MzgzMzY6MTc0MzQ0NjI2MDpzcF9idGY6MzAwNTA4MDAwNTI4ODMyOjowOjo&url=%2FPLUSHTOYS-Cartoons-Huggable-Bird-Glittery%2Fdp%2FB0DX21KRS3%2Fref%3Dsr_1_155_sspa%3Fdib%3DeyJ2IjoiMSJ9.-apVCmYrniCDqXzNUGwoL7VqN-kyLB07LuBJuNquHOqBl9ZcVwHMUghRf0i-5GvzogYMRVD9OaL2t7WoGqdU-VV5VZ4cothXP4An4ICu0zaRlAAxeHu2UN7PU2kll3ZtFy0VysI0mUANcUEVfckkgtxix5LD9eJGGRrSM_79DZrqnoNA2xRty63N9mZ0hXowl2LBjP_JbgTJNdx1LtAsld3Kn1ChAscQvpWMVYmPYS6yrQmPNxYR-GwVRc4HXYSxHyZg2Iu41PeFcjDeKE0uTdHZ-JLSa2ZoPeArc6Gpp-A.CAHxi7F3hJCfbXB9_wzTWGzYhuknkTHTZG1Cr0f1zUY%26dib_tag%3Dse%26keywords%3Dsoft%2Btoys%26qid%3D1743446260%26sr%3D8-155-spons%26xpid%3D3mOoManMEonXG%26sp_csd%3Dd2lkZ2V0TmFtZT1zcF9idGY%26psc%3D1
TOMTEDDY Chicken 25cm Stuffed Plush Easter Cute Stuffed Rooster Plushie Chicken Animal Fluffy Toys | Chicken Brown 25Cm,N/A,6,3.8,549,https://m.media-amazon.com/images/I/61wJ3KFFtRL._AC_UL320_.jpg,https://www.amazon.in/sspa/click?ie=UTF8&spc=MTo5NTk0OTI5NDM3MzgzMzY6MTc0MzQ0NjI2MDpzcF9idGY6MzAwNTE5NTc0NTYxNzMyOjowOjo&url=%2FTOMTEDDY-Chicken-Stuffed-Brown-25Cm%2Fdp%2FB0CWY3M1QK%2Fref%3Dsr_1_156_sspa%3Fdib%3DeyJ2IjoiMSJ9.-apVCmYrniCDqXzNUGwoL7VqN-kyLB07LuBJuNquHOqBl9ZcVwHMUghRf0i-5GvzogYMRVD9OaL2t7WoGqdU-VV5VZ4cothXP4An4ICu0zaRlAAxeHu2UN7PU2kll3ZtFy0VysI0mUANcUEVfckkgtxix5LD9eJGGRrSM_79DZrqnoNA2xRty63N9mZ0hXowl2LBjP_JbgTJNdx1LtAsld3Kn1ChAscQvpWMVYmPYS6yrQmPNxYR-GwVRc4HXYSxHyZg2Iu41PeFcjDeKE0uTdHZ-JLSa2ZoPeArc6Gpp-A.CAHxi7F3hJCfbXB9_wzTWGzYhuknkTHTZG1Cr0f1zUY%26dib_tag%3Dse%26keywords%3Dsoft%2Btoys%26qid%3D1743446260%26sr%3D8-156-spons%26xpid%3D3mOoManMEonXG%26sp_csd%3Dd2lkZ2V0TmFtZT1zcF9idGY%26psc%3D1
